-- phpMyAdmin SQL Dump
-- version 4.9.2
-- https://www.phpmyadmin.net/
--
-- Host: localhost
-- Generation Time: Jul 24, 2020 at 10:05 AM
-- Server version: 10.4.11-MariaDB
-- PHP Version: 7.2.26

SET SQL_MODE = "NO_AUTO_VALUE_ON_ZERO";
SET AUTOCOMMIT = 0;
START TRANSACTION;
SET time_zone = "+00:00";


/*!40101 SET @OLD_CHARACTER_SET_CLIENT=@@CHARACTER_SET_CLIENT */;
/*!40101 SET @OLD_CHARACTER_SET_RESULTS=@@CHARACTER_SET_RESULTS */;
/*!40101 SET @OLD_COLLATION_CONNECTION=@@COLLATION_CONNECTION */;
/*!40101 SET NAMES utf8mb4 */;

--
-- Database: `project`
--

-- --------------------------------------------------------

--
-- Table structure for table `ads`
--

CREATE TABLE `ads` (
  `id` int(11) NOT NULL,
  `title` varchar(1000) NOT NULL,
  `img` varchar(1000) NOT NULL,
  `link` varchar(1000) NOT NULL
) ENGINE=InnoDB DEFAULT CHARSET=latin1;

-- --------------------------------------------------------

--
-- Table structure for table `bookings`
--

CREATE TABLE `bookings` (
  `unique_id` varchar(200) NOT NULL,
  `make` varchar(200) NOT NULL,
  `model` varchar(200) NOT NULL,
  `Garage` varchar(200) NOT NULL,
  `date` date NOT NULL,
  `created_on` timestamp(6) NOT NULL DEFAULT current_timestamp(6) ON UPDATE current_timestamp(6),
  `booking_number` int(200) NOT NULL,
  `plate` varchar(200) NOT NULL
) ENGINE=InnoDB DEFAULT CHARSET=utf8mb4;

--
-- Dumping data for table `bookings`
--

INSERT INTO `bookings` (`unique_id`, `make`, `model`, `Garage`, `date`, `created_on`, `booking_number`, `plate`) VALUES
('1000', 'Toyota', 'Fj', 'Nairobi', '2020-03-01', '2020-03-09 19:20:44.892885', 121324, 'KCB121d'),
('1213', 'Toyo', 'wesd', 'Garage', '2020-03-04', '2020-03-09 19:20:44.892885', 121325, '$plate'),
('$uid', '$make', '$model', '$Garage', '2020-02-02', '2020-03-09 19:22:04.000000', 121326, '$plate');

-- --------------------------------------------------------

--
-- Table structure for table `cars`
--

CREATE TABLE `cars` (
  `Make` varchar(200) NOT NULL,
  `model` varchar(200) NOT NULL
) ENGINE=InnoDB DEFAULT CHARSET=utf8mb4;

--
-- Dumping data for table `cars`
--

INSERT INTO `cars` (`Make`, `model`) VALUES
('Toyota', 'FJ');

-- --------------------------------------------------------

--
-- Table structure for table `cart`
--

CREATE TABLE `cart` (
  `selection_id` int(200) NOT NULL,
  `pro_id` int(200) NOT NULL,
  `pro_quantity` int(200) NOT NULL,
  `unique_id` varchar(23) NOT NULL
) ENGINE=InnoDB DEFAULT CHARSET=utf8mb4;

--
-- Dumping data for table `cart`
--

INSERT INTO `cart` (`selection_id`, `pro_id`, `pro_quantity`, `unique_id`) VALUES
(12324, 123, 1, '13232ed3d');

-- --------------------------------------------------------

--
-- Table structure for table `category`
--

CREATE TABLE `category` (
  `id` int(11) NOT NULL,
  `name` varchar(1000) NOT NULL,
  `icon` varchar(1000) NOT NULL
) ENGINE=InnoDB DEFAULT CHARSET=latin1;

--
-- Dumping data for table `category`
--

INSERT INTO `category` (`id`, `name`, `icon`) VALUES
(1, 'Smartphone', 'phone'),
(2, 'Smartcam', 'cam'),
(3, 'Laptop', 'laptop'),
(4, 'Smartwatch', 'watch'),
(5, 'Smartspeaker', 'speaker'),
(6, 'SmartVR', 'vr');

-- --------------------------------------------------------

--
-- Table structure for table `command`
--

CREATE TABLE `command` (
  `id` int(11) NOT NULL,
  `id_produit` int(11) NOT NULL,
  `quantity` int(11) NOT NULL,
  `dat` timestamp NOT NULL DEFAULT current_timestamp() ON UPDATE current_timestamp(),
  `statut` varchar(1000) NOT NULL,
  `id_user` int(11) NOT NULL
) ENGINE=InnoDB DEFAULT CHARSET=latin1;

--
-- Dumping data for table `command`
--

INSERT INTO `command` (`id`, `id_produit`, `quantity`, `dat`, `statut`, `id_user`) VALUES
(41, 1, 1, '2017-02-06 13:58:34', 'paid', 7),
(61, 11, 1, '2017-02-07 16:21:05', 'paid', 8),
(63, 9, 1, '2017-02-07 16:28:20', 'paid', 8),
(64, 12, 1, '2017-02-07 16:30:14', 'paid', 8),
(66, 13, 1, '2017-02-07 16:33:19', 'paid', 8),
(67, 13, 1, '2017-02-07 16:34:20', 'paid', 8),
(69, 14, 1, '2017-02-07 19:14:55', 'paid', 5),
(70, 14, 1, '2017-02-08 12:09:02', 'paid', 11),
(71, 12, 1, '2017-02-08 15:13:03', 'paid', 11),
(72, 14, 1, '2017-02-08 15:16:07', 'paid', 11),
(73, 11, 2, '2017-02-08 15:55:35', 'paid', 11),
(74, 14, 1, '2017-02-08 16:14:00', 'paid', 11),
(75, 7, 1, '2017-02-08 16:18:22', 'paid', 11),
(76, 12, 1, '2017-02-08 16:34:58', 'paid', 11),
(77, 9, 1, '2017-02-08 16:46:32', 'paid', 11),
(78, 9, 1, '2017-02-09 13:53:03', 'paid', 11),
(80, 9, 1, '2017-02-11 09:12:00', 'paid', 8),
(81, 12, 1, '2017-02-11 17:18:30', 'paid', 8),
(82, 14, 1, '2017-02-12 07:48:51', 'paid', 8),
(83, 16, 1, '2017-02-12 07:53:37', 'paid', 8),
(84, 12, 1, '2017-02-14 08:20:56', 'paid', 8),
(86, 12, 1, '2017-02-14 09:15:08', 'paid', 8),
(87, 14, 1, '2017-02-15 13:36:42', 'paid', 8),
(88, 9, 1, '2017-02-15 13:36:42', 'paid', 8),
(89, 12, 1, '2017-02-15 13:45:26', 'paid', 8),
(90, 14, 1, '2017-02-15 15:01:27', 'paid', 8),
(91, 12, 1, '2017-02-15 15:01:27', 'paid', 8),
(92, 13, 1, '2017-02-15 15:05:20', 'paid', 8),
(93, 11, 1, '2017-02-15 15:05:20', 'paid', 8),
(99, 13, 1, '2017-02-15 15:48:25', 'paid', 8),
(101, 13, 1, '2017-02-15 17:10:14', 'paid', 11),
(111, 12, 1, '2017-02-19 22:16:32', 'paid', 8),
(112, 13, 1, '2017-02-19 22:16:32', 'paid', 8),
(113, 12, 1, '2017-02-19 22:22:05', 'paid', 8),
(114, 13, 1, '2017-02-19 22:22:05', 'paid', 8),
(115, 14, 1, '2017-02-19 22:26:43', 'paid', 8),
(116, 16, 1, '2017-02-19 22:26:43', 'paid', 8),
(117, 11, 1, '2017-02-19 22:27:39', 'paid', 8),
(118, 9, 1, '2017-02-19 22:27:39', 'paid', 8),
(119, 9, 1, '2017-02-19 22:29:15', 'paid', 8),
(120, 13, 1, '2017-02-19 22:29:15', 'paid', 8),
(121, 14, 1, '2017-02-19 22:45:27', 'paid', 8),
(125, 13, 2, '2017-02-20 10:49:00', 'paid', 8);

-- --------------------------------------------------------

--
-- Table structure for table `details_command`
--

CREATE TABLE `details_command` (
  `id` int(11) NOT NULL,
  `product` varchar(1000) NOT NULL,
  `quantity` int(11) NOT NULL,
  `price` int(11) NOT NULL,
  `id_command` int(11) NOT NULL,
  `id_user` int(11) NOT NULL,
  `user` varchar(1000) NOT NULL,
  `address` varchar(1000) NOT NULL,
  `country` varchar(1000) NOT NULL,
  `city` varchar(1000) NOT NULL,
  `statut` varchar(1000) NOT NULL
) ENGINE=InnoDB DEFAULT CHARSET=latin1;

--
-- Dumping data for table `details_command`
--

INSERT INTO `details_command` (`id`, `product`, `quantity`, `price`, `id_command`, `id_user`, `user`, `address`, `country`, `city`, `statut`) VALUES
(1, 'MSI GP62 Leopard Pro', 1, 839, 71, 11, 'ali ghallou', 'N 23 Lot El Waha Errachidia', 'Morocco', 'Errachidia', 'done'),
(3, 'Oculus rift', 2, 1200, 73, 11, 'ali ghallou', 'N 23 Lot El Waha Errachidia', 'Morocco', 'Errachidia', 'done'),
(4, 'Apple Watch', 1, 349, 74, 11, 'alighallou', 'N 23 Lot El Waha Errachidia', 'Morocco', 'Errachidia', 'done'),
(5, 'Samsung s7 edge', 1, 560, 75, 11, 'alighallou', 'N 23 Lot El Waha Errachidia', 'Morocco', 'Errachidia', 'done'),
(6, 'MSI GP62 Leopard Pro', 1, 839, 76, 11, 'alighallou', 'N 23 Lot El Waha Errachidia', 'Morocco', 'Errachidia', 'done'),
(7, 'Gopro Hero 5', 1, 450, 77, 11, 'alighallou', 'N 23 Lot El Waha Errachidia', 'Morocco', 'Errachidia', 'done'),
(8, 'Gopro Hero 5', 1, 450, 78, 11, 'alighallou', 'N 23 Lot El Waha Errachidia', 'Morocco', 'Errachidia', 'done'),
(9, 'Gopro Hero 5', 1, 450, 80, 8, 'anasmazouni', 'N 20 Lot El dunno Cairo', 'Morocco', 'Cairo', 'done'),
(10, 'MSI GP62 Leopard Pro', 1, 839, 81, 8, 'anasmazouni', 'N 20 Lot El dunno Cairo', 'Morocco', 'Cairo', 'done'),
(11, 'Apple Watch', 1, 349, 82, 8, 'anasmazouni', 'N 20 Lot El dunno Cairo', 'Morocco', 'Cairo', 'done'),
(12, 'Canon EOS 7D', 1, 889, 83, 8, 'anasmazouni', 'N 20 Lot El dunno Cairo', 'Morocco', 'Cairo', 'done'),
(13, 'MSI GP62 Leopard Pro', 1, 839, 84, 8, 'anasmazouni', 'N 20 Lot El dunno Cairo', 'Morocco', 'Cairo', 'done'),
(14, 'MSI GP62 Leopard Pro', 1, 839, 86, 8, 'anasmazouni', 'N 20 Lot El dunno Cairo', 'Morocco', 'Cairo', 'done'),
(16, 'MSI GP62 Leopard Pro', 1, 839, 89, 8, 'anasmazouni', 'N 20 Lot El dunno Cairo', 'Morocco', 'Cairo', 'done'),
(17, 'MSI GP62 Leopard Pro', 1, 839, 91, 8, 'anasmazouni', 'N 20 Lot El dunno Cairo', 'Morocco', 'Cairo', 'done'),
(18, 'Oculus rift', 1, 600, 93, 8, 'anasmazouni', 'N 20 Lot El dunno Cairo', 'Morocco', 'Cairo', 'done'),
(19, 'Amazon Echo', 1, 179, 99, 8, 'anasmazouni', 'N 20 Lot El dunno Cairo', 'Morocco', 'Cairo', 'done'),
(20, 'Amazon Echo', 1, 179, 101, 11, 'alighallou', 'N 23 Lot El Waha Errachidia', 'Morocco', 'Errachidia', 'done'),
(21, 'Amazon Echo', 1, 179, 112, 8, 'anasmazouni', 'N 20 Lot El dunno Cairo', 'Morocco', 'Cairo', 'done'),
(22, 'MSI GP62 Leopard Pro', 1, 839, 113, 8, 'anasmazouni', 'N 20 Lot El dunno Cairo', 'Morocco', 'Cairo', 'done'),
(23, 'Amazon Echo', 1, 179, 114, 8, 'anasmazouni', 'N 20 Lot El dunno Cairo', 'Morocco', 'Cairo', 'done'),
(24, 'Apple Watch', 1, 349, 115, 8, 'anas mazouni', 'N 20 Lot El dunno Cairo', 'Egypt', 'Cairo', 'done'),
(25, 'Canon EOS 7D', 1, 889, 116, 8, 'anas mazouni', 'N 20 Lot El dunno Cairo', 'Egypt', 'Cairo', 'done'),
(26, 'Oculus rift', 1, 600, 117, 8, 'anasmazouni', 'N 20 Lot El dunno Cairo', 'Egypt', 'Cairo', 'done'),
(27, 'Gopro Hero 5', 1, 450, 118, 8, 'anasmazouni', 'N 20 Lot El dunno Cairo', 'Egypt', 'Cairo', 'done'),
(28, 'Gopro Hero 5', 1, 450, 119, 8, 'anas mazouni', 'N 20 Lot El dunno Cairo', 'Algeria', 'Cairo', 'done'),
(29, 'Amazon Echo', 1, 179, 120, 8, 'anas mazouni', 'N 20 Lot El dunno Cairo', 'Algeria', 'Cairo', 'done'),
(30, 'Apple Watch', 1, 349, 121, 8, 'anas mazouni', 'N 20 Lot El dunno Cairo', 'Morocco', 'Cairo', 'done'),
(31, 'Amazon Echo', 2, 358, 125, 8, 'anas mazouni', 'N 20 Lot El dunno Cairo', 'Egypt', 'Cairo', 'done');

-- --------------------------------------------------------

--
-- Table structure for table `pictures`
--

CREATE TABLE `pictures` (
  `id` int(11) NOT NULL,
  `picture` varchar(1000) NOT NULL,
  `id_produit` int(11) NOT NULL
) ENGINE=InnoDB DEFAULT CHARSET=latin1;

--
-- Dumping data for table `pictures`
--

INSERT INTO `pictures` (`id`, `picture`, `id_produit`) VALUES
(13, 'Samsung-Galaxy-S6-edge-Gold-Platinum..jpg', 2),
(14, 'samsung-galaxy-s7-edge.jpg', 2),
(15, 'galaxy-s7-edge-black.png', 2),
(16, 'MMY72_AV2.jpg', 8),
(17, 'iphone7-plus-rosegold-select-2016.jpg', 8),
(18, 'blue-iphone.jpg', 8),
(19, 'Hero5-Black-Carousel-3.png', 9),
(20, 'gopro-hero-5-release-date-price-frame.jpg', 9),
(21, 'gopro_hero_5_black_review_display.jpg', 9),
(25, 'oculus_rift_1.jpg', 10),
(26, 'OculusRift.jpg', 10),
(27, '61EsR4QA0PL._SL1500_.jpg', 10),
(28, 'five_pictures1_100259_201506200523405584885cedd68.png', 12),
(29, 'pi_ms-gp622qe-035za1.jpg', 12),
(30, 'pi_ms-gp622qe-035za3.jpg', 12),
(31, 'amazon_b00x4whp5e_echo_1187819.jpg', 13),
(32, 'amazonecho_4-100599473-orig.jpg', 13),
(33, 'amazon-echo-part-1-a-consumer-pr.jpg', 13),
(34, 'og-img.png', 14),
(35, 'h_51561794.jpg', 14),
(36, 'apple-watch-thumbnail-100571651-orig.jpg', 14),
(37, 'pixel.png', 15),
(38, 'GoogleBlue.jpg', 15),
(39, 'etui-diztronic-matte-tpu-google-pixel-xl-alloy-grey.jpg', 15),
(40, 'D3S_4695-1200.jpg', 16),
(41, 'highres-Canon-EOS-7D-MarkII-8_1417776370.jpg', 16),
(42, 'highres-Canon-EOS-7D-Mark-II-with-lens-1_1411133185.jpg', 16),
(43, 'nexus-6p-9444.0.jpg', 17),
(44, 'nexus-6p-9693.0.jpg', 17),
(45, 'Google-Nexus-6P-Review-Conc.jpg', 17);

-- --------------------------------------------------------

--
-- Table structure for table `products`
--

CREATE TABLE `products` (
  `pro_id` int(200) NOT NULL,
  `pro_desc` varchar(255) NOT NULL,
  `pro_price` decimal(65,0) NOT NULL,
  `pro_quantity` int(4) NOT NULL,
  `pro_name` varchar(20) NOT NULL,
  `pro_image` longblob NOT NULL
) ENGINE=InnoDB DEFAULT CHARSET=utf8mb4;

--
-- Dumping data for table `products`
--

INSERT INTO `products` (`pro_id`, `pro_desc`, `pro_price`, `pro_quantity`, `pro_name`, `pro_image`) VALUES
(1234, 'david harleyson fatboy bike chrome', '12131', 12, 'Chrome', 0xffd8ffe000104a46494600010101000000000000ffe100424578696600004d4d002a00000008000187690004000000010000001a000000000002400000030000000100000000400100010000000100000000000000000000ffdb0043000b090907090907090909090b0909090909090b090b0b0c0b0b0b0c0d100c110e0d0e0c121912251a1d251d191f1c292916253735361a2a323e2d2930193b2113ffdb0043010708080b090b150b0b152c1d191d2c2c2c2c2c2c2c2c2c2c2c2c2c2c2c2c2c2c2c2c2c2c2c2c2c2c2c2c2c2c2c2c2c2c2c2c2c2c2c2c2c2c2c2c2c2c2c2c2c2cffc000110801da01da03012200021101031101ffc4001f0000010501010101010100000000000000000102030405060708090a0bffc400b5100002010303020403050504040000017d01020300041105122131410613516107227114328191a1082342b1c11552d1f02433627282090a161718191a25262728292a3435363738393a434445464748494a535455565758595a636465666768696a737475767778797a838485868788898a92939495969798999aa2a3a4a5a6a7a8a9aab2b3b4b5b6b7b8b9bac2c3c4c5c6c7c8c9cad2d3d4d5d6d7d8d9dae1e2e3e4e5e6e7e8e9eaf1f2f3f4f5f6f7f8f9faffc4001f0100030101010101010101010000000000000102030405060708090a0bffc400b51100020102040403040705040400010277000102031104052131061241510761711322328108144291a1b1c109233352f0156272d10a162434e125f11718191a262728292a35363738393a434445464748494a535455565758595a636465666768696a737475767778797a82838485868788898a92939495969798999aa2a3a4a5a6a7a8a9aab2b3b4b5b6b7b8b9bac2c3c4c5c6c7c8c9cad2d3d4d5d6d7d8d9dae2e3e4e5e6e7e8e9eaf2f3f4f5f6f7f8f9faffda000c03010002110311003f00f5ca28a2800a28a2800a28a2800a28a2800a28a2800a28a2800a28a2800a28a2800a28a2800a28a2800a28a3207534005150cb756d00cc9228fc45674de21d2220732e48ed55184a5b226538c759335e8ae46e3c610293e48047e159b2f8d6f790910c76200ae98e0eb4bec9cd2c6518fda3d038a4cafa8fcebccdfc5daa3e7822ab9f12ea9d77356cb2eadd4e779951e973d53727f787e628dc9fde5fcc57939f116aa7f8dbf3a67f6f6a9ff3d1bf3ad3fb367dc8fed4a7d8f5bdc9fde5fcc5195f51f9d7930f106a83f8dbf3a78f126aa38dcdf9d2fecda9dc16674faa3d5f2bea3f3a2bcb63f14ea91fa9ab5178cf525fbc99fad66f2fac8d5665419e914570f0f8ce56c7991a8f5e056bdb78a74d9302560a6b9e585ab1de2744715465b48e868aa30eada74f8f2e61cfae2ae8746190c08f622b069adce84d3d50b45145218514514005145140051451400514514005145140051451400514514005145140051451400514514005145140051451400514514005145140051451400514514005145140051451400514120727a566de6b3a7da2b6e954b8fe1069c62e4ec852928abb34aabdc5ed9db0ccd2aafe22b88d47c5d34b98edc6cf715cd4fa85f5c926595981f735e8d2cbea4f596879b5732a70d21a9df5ef8aece0244187c573779e2bbdb824265076c5737f9d15e953c0d186eae797531d5a7b3b16e5d4b50989df33907dcd56667739624d2515d8a2a3b238dc9cb76262968a2a890a28a2900514514005145140051451400940e3914b4530244b9b98fee48cbf426b42df5dd4a023333301db26b2e92b395384f492348d49c358b3b6b2f1936152641c7049ae8ed75dd32e5571280e7b579353d24962394620fd6b86a65f4e5f0e877d2cc6ac3496a7b52ba380ca4107d296bcaacbc43a8da95dd23328ed9aebb4ff0015d9dc6d59f119e849f5af32ae0aad3d6d747a9471d4aae97b33a7a2a386686740f138653dc5495c477051451400514514005145140051451400514514005145140051451400514514005145140051451400514514005145140051451400514514005145472cd0c0a5e570aa013c9a0092a8deea963648cd248a587f0e79ae6f57f15a28786d0fcc32370ae2ee2eeeae9cbccec493eb5e961f013a9ef4f4479988cc214fdd86ace8b54f15dc5c164b62517a715cd4d3cf3b1691c927dcd454b5ecd2a30a4ad0478756bd4acef36252d1456c6214514500145145001451450014514500145145001451450014514500145145001451450014514500251f89a5a280346cf5ad4ecca8494f963b66bb6d27c536974163b82237031b9bb9af38a4e72082463d0e2b92b6129d5d6d667651c655a3d6e8f6b8e58a550f1b8653dc53ebcb74bf10de58b223313103c827b577da76b565a8202ae15c81f293debc4af859d1df63dec3e2e9d7db466a514515c87585145140051451400514514005145140051451400514514005145140051451400514514005145140051451400514573dad7886dec15a389834d8238357084aa3e58a22a548d38f349e868ea3aada69d19691816c1c283cd79e6adafdddfbb2ab11164e306b3ef2feeaf6469257639278cf1552bdfc360a34bde96acf9ec4e3a55bdd8e885e4f24e4fbd14515de79c1451450014514500145145001451450014514500145145001451450014514500145145001451450014514500145145001451450014514500254d6f73716b22c913b020e783c545450d26acc69b4ee8efb45f14a4a121bb3f3f00126bad4749143a306523208af14059482a4823d2ba6d0fc4935a324370c4c4481926bc7c5603edd2fb8f670b987d8abf79e8f45436d7505d46b2c4c08619e0f22a6af1b63db4efaa0a28a2800a28a2800a28a2800a28a2800a28a2800a28a2800a28a2800a28a2800a28a2800a09001278028240049e82b92f1178892057b6b66cb9e19876ad6952955972c4caad58d28f3485f10788d2d95aded9b2e410c476ae0669a5b87692562c49cf34924924aecee49627249a6d7d261f0f1a11b2dcf98c462255e577b0514515d0730514514005145140051451400514514005145140051451400514514005145140051451400514514005145140051451400514514005145140051451400514514005252d1401b3a3eb973a7ca8a5898890083d2bd26c6fadefa15922604903233d2bc72b5748d62e34e993e6263c8c8ed5e762f06aaae786ff99e960f1ae93e49edf91eb34553b0bf82fe1496360491f30f4ab95e034d3b33e8934d5d0514514861451450014514500145145001451450014514500145145001451583e20d663d3e068d1bf7cc08c0ea2ae1073928c489ce34e2e52d8a5e23d7d6d91adaddbe76182c3b579fc923caecee49663939a74f34b7123cb2124b1cf351d7d361f0f1a11b2dcf96c4e2255e577b0514515d07305145140051451400514514005145140051451400514514005145140051451400514514005145140051451400514514005145140051451400514514005145140051451400514514005252d1401ada36b13e9d3a0dc7ca246e1ed5e9f67770de429346410c3903b578cd745e1ed6e5b19921918989ce39ed5e6e370bed17b486e7a981c5fb37ece7b1e99453229639a35923605580208a7d7807d085145140051451400514514005145140051451400514536491224791ce154127f0a00a7a9ea1169f6ef2b919c1da3debcaf51be9afee2495d89f98e3e95a9e23d5defae5e346fdca920007d2b9fafa1c161bd9479e5bb3e731d89f6b2e48ec85a28a2bd03cd0a28a2800a28a2800a28a2800a28a2800a28a2800a28a2800a28a2800a28a2800a28a2800a28a2800a28a2800a28a2800a28a2800a28a2800a28a2800a28a2800a28a2800a28a2800a28a2800a28a2800a391c8e0d14500769e16d73056d276e3a2927bd7720e4023a1e6bc52295e191245241539e3dabd3bc3dab2dfdb223b7ef50018ef815e1e3f0dc8fda47667bf97e2b9d7b29ee8dda28a2bca3d60a28a2800a28a2800a28a2800a28a2800ae4bc55ab886236b0b7ce721f06ba2d42ed2ceda595880429dbf5af27d42ee4bdb99266279635e86070fed27ccf6479b8fc47b2872c7765524b12c7a9393451457d09f3814514500145145001451450014514500145145001451450014514500145145001451450014514500145145001451450014514500145145001451450014514500145145001451450014514500145145001451450014514500256968fa8cba7dd46ea4ed2c011db159d49efdea651538b8bd9951938494a3ba3da2d6e23b982395082194138f5a9ab88f096ac78b291bae3049aedebe5ab5274a6e2cfada15556829a0a28a2b1360a28a2800a28a2800a28aa5a9ddada5a4f2e70c14edfad349b76426d257671fe2ed50c8e2d236fb87e6c77ae3aa7bbb87bab892663cb31a86beab0f4952a6a28f92c45675aa3930a28a2b6300a28a2800a28a2800a28a2800a4271413f9d6de97a42cea269b81e95955ab1a31e699b51a32ad2e5818793fdd3467d8d76634ab21c6d154aeec2da360140ae2599537d0effecbabdce6b3ec68adcfb1c0474159d796a20208e86b6a58ca7525cab430ad81a94a3ccf5455a29296bb0e10a28a2800a28a2800a28a2800a28a2800a28a2800a28a2800a28a2800a28a2800a28a4268002714993fdd35b7a5e922e079b2f0bdab646956438da2b86ae3a953972ee7a14b2fab563cdb1c5e4fa1a5cfb1ae96eec2da32368155bec701ec2a16614df434feccabdcc3a5ab7796a21f997a1aa75dd4ea46a479a27055a52a52e596e2d145156641451450014514500145145004f6770f6b71148848218671e95eb3a6ddc7796b0c8a727680df5af1eaecbc23a9ec7fb1b9fbfd335e6e61479e1ceb747a99756e49fb37b33bca28a2bc03e8428a28a0028a28a002b88f186a1f72de36e9c3015d95c4cb04324add14135e4bab5c9babd9df3952c71f9d7a180a5cf5399ec8f3b30adc94b956eca14b4515f427cd8514514005145140051451400514514009fc71ff00bc2bb7b0ff008f54c7a0ae23f8e3ff0078576d61ff001ea9fee8af2b33f8227af957c722cd66df7df15a559b7df7c578b1dcf79952a8eafc5b123a8157aa8eafff001ecdf4ae9a3fc4473d7fe148c1b5b80c36b1e7356eb11491c8eb9ad1b7b80e02b75afa44fb9f265aa28a2a8414514500145145001451450014514500145145001451450014514500149fc49fef0a5a4fe24fa8a00edb4fe2d63c7f76ac8aada7ff00c7ac7feed5915f2353e367d8d2fe1c4cebeea2aa55bbeea2aa554762995351ff008f73ec2b020977655bd6b7f51ff8f73f4ae5d720b11eb5ed603f86cf0733fe223468a822973c1eb53d7a47941451450014514500145145001566c2e5ad2ea2994e086155a93d0fa7349a5256652938b4d743d96c675b9b582507259013f5ab35c97842fbcd81e176e57ee835d6d7ca56a6e9cdc59f5d46a2a90534145145646a1451450060f89af45bd9491670d20e2bcc0924927a926bacf18de09678e343c2706b92afa2c053e4a57ee7cd661539eb72f6168a28aef3cf0a28a2800a28a2800a293228c8f5a005a29323d68c8a003f8e3ff78576d61ff1ea9fee8ae27f8e3ff78576d61ff1ea9fee8af2b33f8227af957c722cd66df7df15a559b7df7c578b1dcf79952a8eafff001ecdf4abd54757ff008f66fa574d1fe2239ebff0a47223fad28241c8eb483fad2d7d11f28685bdc07015bad5aac6048208eb5a16f701c0563cd52622cd14515420a28a2800a28a2800a28a2800a28a2800a28a2800a28a2800a4fe24fa8a5a4fe24fa8a00edb4fff008f58ff00ddab22ab69ff00f1eb1ffbb56457c8d4f8d9f634bf87133afba8aa956efba8aa9551d8a654d47fe3dcfd2b961d5beb5d4ea3ff001ee7e95cb0eadf5af6b01fc36783997f110e191c8ab514a1b83d6aa657d694300720d7a07966851504532b0c13cd4d542168a28a0028a28a00292968a00d9f0e5d9b7bf8573842466bd4d58300c0e411915e2f0486296371c10c2bd6f49984d636cf9c9d8335e26654ed2535d4f7b2ca978b83e85ea28a2bc93d70a6c8e123763d0293fa53ab3b5994c36170e0e38c538abbb2149d95d9e67ac4e66beb9e72039c7e759f4f99b7cb23ff0078934cafae847962a28f8e9c9ca4e4c28a28aa2028a28a0029392428e4934b5674e557bb8c372322a652e58b9762a31e6928f72f5ae8734c81e4e01e45593e1f00139e95bdd1540e001da9093b4f35f3b2c75693ba67d2c701422acd1cabe98158ae7a546fa690a4af515ad293e63734d1d4568b19596b70781a0f4b1ce32b2488add43576b61ff1ea9fee8ae335593c9bb888e8585767a7306b389877515b63aa7b4a3091cb81a7ecabce259acdbefbe2b4ab36fbef8af2a3b9ec32a551d5ff00e3d9be957aa8eaff00f1ecdf4ae9a3fc4473d7fe148e447f5a5a41fd696be88f9416804a90475a28a40685bdc07015bad59ac704a9c8eb57edee0380add6ad311668a28aa105145140051451400514514005145140051451400527f127d452d27f127d450076da7ffc7ac7feed59155b4fff008f58ff00ddab22be46a7c6cfb1a5fc3899d7dd4554ab77dd4554aa8ec532a6a3ff001eedf4ae72d6da6bb97ca881c93cd747a97fc7b3fd29be168e3dcf2100b66bd3c3d4f658794d1e462a97b6c4c60c58fc2edb0173f31144be1a11a16cf4aea496c9e4f5a82e89f28f26b8beb959bdcedfa8d05d0e4468d83906896c2489723902b6327d691c6e46079e2b78632ac5ddb339e028ca2d25639da5a63c8167910f404d3ebde4eeae7ce3566d0514514c90a28a28013d3eb5e8de11b932db3a139d838af39aeabc2174619cc64f0e715c58e873516fb1df809f2d64bb9e89451457cd9f4c15ce78aee7cbb26881e5aba3ae1fc692ed9228f3d5471f85746163cd5628e6c54b968c99c48a5a4a5afaa3e4d05145148028a28a002ad699ff001f91fe1556ad699ff1f91fe159d5fe1cbd0d68ff00123ea7687a2d21fba694f45a43f74d7c923ec0c697fd635347514e97fd635347515b12735aeffc7cc3fef0aed74aff008f18bfdd15c5eb9ff1f30ffbc2bb4d2bfe3c62ff0074575e23f8103830ff00ef132e566df7df15a559b7df7c5704773d1654aa3abffc7b37d2af551d5ffe3d9be95d347f888e7aff00c291c88feb4b483fad2d7d11f282d14514805a012a723ad14530342dee0380add6ac5638254823a8ad0b79c380add6a9311628a28aa1051451400514514005145140051451400527f127d452d27f127d450076da7ffc7ac7feed59155b4fff008f58ff00ddab22be46a7c6cfb1a5fc3899d7dd4554ab77dd4554aa8ec532a6a7ff001eaff434785ba3fd68d4ff00e3d5fe868f0b747fad7747fdd6479d3ff7c8fa1d39ea7eb505d7faa3539ea7eb505d7faa35e623d332694fdd6fa1a4a53f75be86b724e52ebfe3e64fad3a297b3536ebfe3e24fa9a8abe961f0a3e42a7c6fd4bd454114bd8d4f5a9985145140056a683318b51b61d8b0cd65d58b17f2eee07ce30c2b3a91e6834694a5cb38bf33d94104023a100d155eca4f36d607f551562be48fb10af39f1b480df40be800af46af33f1a73a9455e865eaf591e7662ed419cf514515f427cd85145140051452138a005ab5a67fc7e47f8554c4bd90e3e86ade9824fb647952071dab3abfc397a1ad1fe247d4ed0f45a43f74d2f65a43f74d7c923ec0c697fd635347514e97fd635347515b7424e6f5cff008f987fde15da695ff1e317fba2b8ad7039b9876a93f30e95dae959fb0459e0ed15d788fe040e0c3ffbc4cb959b7df7c569566df7df15c11dcf45952a8eafff001ecdf4abd54757c9b66c0c9c574d1fe2239ebff0a47223fad2d2059bfb87afa1a5db2ff70fe46be84f94b0b452626fee1fc8d2e26fee1fca80168a4c4dfdc3f91a3137f70fe46980b4a095391d452626fee1fc8d189bfb87f23401a104e1c056eb562b2079ea4108d9fa1abd04d2b80ac873f4354988b3452625fee1fc8d1897fb87f23542168a4c4bfdc3f91a312ff70fe4680168a4c4bfdc3f91a312ff0070fe4680168a4c4bfdc3f91a312ff70fe46801693f893ea28c4bfdc3f91a4c4bb93e43f787634c0edf4fff008f58ff00ddab22ab69f9fb2c79ebb6ac8af90a9f1b3ec697f0e2675f751552addf751552aa3b14ca9a9ffc7abfd0d1e16e8ff5a4d4f26d5f03270697c2c1c07dca473debba3feeb23ce9ff00be47d0e9cf53f5a82ebfd51a9cf53f5a82ebfd51af311e99934a7eeb7d0d2529fbadf435b9272975ff001f127d4d45525d897ed32610e327b1a8bf78392840fa1afa587c28f909fc6fd45ab11499e1aab820d2d5905da2a18e4ec6a6aa00a746db5d5bd08a6d2138c7d451bab06cee7aee8adbf4eb56f55ad1acaf0f9ce9567feeff00856ad7c8d4569b47d8537782615e61e3039d492bd3ebcbfc5dff002125fad77e5dfc538333fe0fccc2a28a2bdf3e7428a28a004ad8f0e69f16a37de5cbca2f245639ae97c19ff2116fa56388938d29346f878a9558a676c342d20003c81c0c76a8ae348d2e089e48e10aebd0f15b155afbfe3de4af98f6b37d4faa54a0ba1cc77341fba68ee683f74d6668634bfeb1a984900914f97fd63531ba1ad8937f47d2b4dbe84c97318671c8269668a382468a218453802adf877fe3d9fe955aeffe3e1fea6a2526f40514b5488ab36fbef8ad2acdbefbe2947729956ae6976d6f777023b85dc84f4aa75a5a1ffc7dafd6b4db6237d19d17fc239a17fcfb2fe9fe147fc239a17fcfb2fe9fe15af46454fb59f717b28764647fc239a17fcfb2fe9fe147fc239a17fcfb2fe9fe15af9146451ed27dc3d943b2323fe11cd0ff00e7d87e9fe147fc239a1ffcfb0fd3fc2b5f228c8a3dacfb87b28764647fc239a1ff00cfb0fd3fc28ff847343ff9f61fa7f856be4519147b59f70f650ec8c8ff00847343ff009f61fa7f8528f0ee880e45b0fd3fc2b5b228c8a3dacfb87b28764667f61691ff003ee3f4a3fb0b48ff009f71fa569e4519147b59f762f650ec8ccfec2d23fe7dc7e947f61691ff003ee3f4ad3c8a3228f6b3eec3d8c3b2333fb0b48ff9f71fa51fd85a47fcfb8fd2b4f228c8a3dacfbb0f630ec8ccfec2d23fe7dc7e947f61691ff3ee3f4ad3c8a3228f6b3eec3d8c3b2333fb0b48ff009f71fa51fd85a3ff00cf01fa569e4507a1fa1a3dacfbb0f630ec8e52e238e195a38c6141c01518a9af3fd7bfd6a11599a99d7dd4554ab77dd4554ad63b12cb7a6c10dcdc88a71942718addbdd3ec6c557ecc817239c562e8dff1f8bf5ae8f57e89f4a5293d83955ef6d4c9a86ebfd51a9874150dd7faa350b728c9a51cba8ec48cd252affac4fa8ad893aeb4d0f4896de191e00cecb963c75a9a4f0ee8ae8cbf6703208078e2aee9ff00f1e907fbb568f4353ed66ba91eca0fa1e2bae59a69fa8c9047f7327159f5b5e2bff90bc9f8d62d7d2d26dd34d9f2b5928d4925dc2a78e4cf06a0a5ad4c8b94c93eefe22991c99e0d3e4fba7ea2ad099eb3e1c39d26cfe95af58fe1bff9045a7d3fc2b62be4ab7f125ea7d7d0fe1c7d02bcbfc5ff00f2124fad7a85798f8c463528ebb72efe29c599ff0007e660514515ef9f3a1451450025745e10cff681c573b5b3e1bbd86caf83cc70878ac3109ba5248e8c3351ab16cf4e6639355ef09fb3b547fdada4b00de7273cf51515cea3a6cb132472a163d0035f2fcb2ec7d573c5f531fb9a0fdd3477341fba6a4b31a5ff0058d4c6e869f2ff00ac6a61e86b624ea7c3c4f90ff4a82ebfd7bfd68d12f2cede1659a455623804e29b70e924ace872a4e41159c93dc135b0cacdbefbe2b4ab36fbef8a23b94cab5a1a2f176bf5acfabba4cb14372af290ab9ea6b4649dbb31c8fa0a4dcdeb554eaba51c7ef93f3a4fed4d27fe7b27e62b3e5976173c7b96f737ad1b9bd6aa7f6a693ff3d93f3147f6a693ff003d93f31472cbb073c7b96f737ad1b9bd6aa7f6a695ff003d93fefa14bfda7a57fcf64ffbe851cb2ec1cf1ee5adcdeb46e6f5aabfda7a57fcf64ffbe851fda9a57fcf64ff00be851cb2ec1cf1ee5adcd46e6aa9fda9a57fcf64fcc51fda9a57fcf64fcc53e59760e78f72dee6a373554fed4d2bfe7b27fdf428fed4d2bfe7b27fdf428e59760e78f72dee6a373555fed3d2bfe7b27fdf428fed3d2bfe7b27fdf428e59760e78f72d6e6a373555fed3d2bfe7b27e628fed3d2bfe7b27e628e59760e78f72d6e6a373555fed3d2bfe7b27fdf428fed3d2ffe7b27fdf42972cbb073c7b96b7351b8e1be86aaff0069e97ff3d93fefa147f69e9783fbe4e41ee29f2cbb0b9e3dcc7baff5cff5a885493ba492b321ca93c11518a83433afba8aa956efba8aa95ac762597b48ff008fc4fad743aa9fb9f4ae6f4b92386e95e420283d4d6fea1736d71b7c970d81d8e69493dc2eaf6280a86ebfd51a9aa1baff00546a16e51934abf7d3ea292947df53db22b624eeec49fb1c3f415641386fa566d9ea1a725ac48f2a86006466a67d574b8e37732af00f7acf924fa13cf15d4f30f147fc85a4fc6b1eb475eba8af3529658b94c9aceafa7a49aa714cf94acd3a926bb852d252d6866152799f2e0fa8a8e9afd07d4535b89ec7b1f86ffe41169f4ff0ad8ac6f0d02347b2cff77fc2b66be56b7f125ea7d750fe1c7d02bcd3c6a0ff00694471c57a5d79ef8da33f6c8180e368c9fc2bab00ed591cb982bd06729451457d11f3414514500149f4e0d2d140152e52f71ba39df8ec09a5d167bb3a8c2af33919e4126ad7f2a769d6cbfda3148bea2b0af05c8da3a284df3c5799de7f0afd290fdd34bfc2bf4a43f74d7caa3eb4c697fd635347514e97fd635347515b7424e735b96e12e6111caca370e01aecf4a2c6c622c72768e4d717ae7fc7cc3fef0aed34aff8f18bfdd15d588fe040e0c3ff00bc4cb959b7df7c569566df7df15c31dcf45952a96acceb6c4a31538ea2aed51d5ffe3d9be95d347f888e7aff00c291ca0b8bdff9f87fccd2fda2f7fe7e1ff33518feb4b5f43647caf3324f3ef7fe7bbfe668f3ef7fe7bbfe6699452b20e663fcfbdff9eeff0099a5f3ef7fe7bbfe6699453b20e663fcfbdff9eeff0099a3cfbdff009eeff99a652d1641763fcfbdff009eeff99a3cfbdff9eeff0099a652d1642bb1fe7de7fcf77fccd1e7de7fcf77fccd328a2c82ec7f9f79ff003ddff33479f7bff3f0ff0099a652d1641763fcfbdff9f87fccd1e7deff00cfc3fe66994b45905d8ff3ef7fe7e1ff0033479f7bff003f0ff99a652d3b20bb1de7deff00cfc3fe668f3ef7727efdfef0ee69b47f127fbc28b20bb3d1b4c2c6ce12c72768c9356c553d2ffe3ca1ff007455c15f2b53e367d7d2f8119d7dd4554ab77dd4554aa8ec532a6a45d6d98a31538ea29de1792670fe6485f9ee69ba9ffc7abfd0d1e16e8ff5aed8ff00bac8f3e7fef71f43a73d4fd6a0baff00546a73d4fd6a0baff546bcd47a464d29fbadf43494a7eeb7d0d6e49cb5d4d762e240b3381938009a88cb76460cee4771934fbaff008f893ea6a2afa485b951f2352fcefd400fce969296ac80a5a4a5a0028c648fa8a2a5b75df3c6beac287a2b82d5a47aff008786349b31fecff856ad50d1d7669f6ab8c616afd7ca4dde4d9f614d5a290571be3180b04971c28aecab0fc4d00974e95b1cad6987972d58b32c4c79a949791e5a2968c6091457d59f24145145200a28a2800ab7a67fc7e47f8554ab5a67fc7e47f856757f872f435a3fc48fa9da1e8b487ee9a53d1690fdd35f248fb031a5ff0058d4d1d453a5ff0058d4d1d456c49cdeb9ff001f30ff00bc2bb4d2bfe3c62ff745717ae7fc7cc3fef0aed34aff008f18bfdd15d788fe040e0c3ffbc4cb959b7df7c569566df7df15c11dcf45952a8eafff001ecdf4abd54757ff008f66fa574d1fe2239ebff0a47223fad2d20feb4b5f447ca0b4514520168a28a6014b494b40052d252d001451450014b494b40052d252d0014b494b40051fc49fef0a28fe24ff00785311e8ba5ffc7943fee8ab82a9e97ff1e50ffba2ae0af94a9f1b3ec297c11f433afba8aa956efba8aa9551d8a654d4ff00e3d5fe868f0b747fad1a9ffc7abfd0d1e16e8ff5aee8ff00bac8f3a7fef91f43a73d4fd6a0baff00546a73d4fd6a0baff546bcc47a664d29fbadf43494a7eeb7d0d6e49ca5d7fc7c49f535154b75ff001f127d4d455f4b0f851f213f8dfa852d252d51214b494b40055dd26332ea16a9eac3f9d52adef0bc065d4207c676b0aceb4b969b66b463cf52313d5ada3f2e0893d1454b4515f2a7d70554d4a1f3ed278f19ca9356e9186430f504534ecee26aeac78cdda18ee664c636b1150d6bf882d8c17d31231bd89158f5f594a5cf05247c7d58724dc58b45145686614514500156b4d216f23c9c0c8aab402cac197820e6a671e68b8f72e12e5929763bfc65548e8453483b4d7350f884dbc6ab302428a79f16589046d35f352c2568bb58fa78e368c95ee5a941f31a9aa0e45643f882d59cb01c1a8a5d7e2d84463e6238ad161eabd2c1f5ba2b5e62aeb8ca6ea100f3b8576ba57fc78c5fee8af3596692e2e12473c971fcebd2b4aff8f18bfdd15b6321c94a31672e0aa2a95a5245cacdbefbe2b4ab36fbef8af363b9eab2a551d5ff00e3d9be957aa8eaff00f1ecdf4ae9a3fc4473d7fe148e447f5a5a41fd696be88f94168a28a402d14514c02969296800a5a4a5a0028a28a002969296800a5a4a5a002969296800a3f893fde1451fc49fef0a623d174bff008f287fdd1570553d2ffe3ca1ff007455c15f2953e367d852f823e8675f751552addf751552aa3b14ca9a9ffc7abfd293c2ae9974cfcd9e94ba8ffc7bb7d2b9eb2bb9aca632c67f8b9af4e8537570f28a3c8c55554b1319b3d2581c9e3bd41740f946b163f13db141e60f9b1cd24de23b4910a81cd707d56b27f09dff005ca0fed12d0dc2393d306b33fb62dfd2ab5d6ac655291700f5ade385ab276b19cf1b46316d3b99f72435c48474c9a8e9392493d4d2d7ba959247cdb776d852d252d31052d252d0015dc781ad7734d2b0fbbc8ae1f92540ee457abf856cfecf629211832006b871f3e5a56ee7a197c39ab5fb1d1514515f3e7d1851451401c4f8cad3718a655e832c4570f5eb5ae5aadcd84e31960a4ad7944b198a478cf5526be832fa9cd4f97b1f3b9953e5a9ceba8da28a2bd13cc0a28a2800a28a28010aab0218020d665cda98c9641f2d6a521018107a1a4d5c6610029702ad5cdb18c9641c555acde83157fd645fef0af4ed2bfe3c62ff00745798affac8bfde15e9da57fc78c5fee8af2f30f851ec657f132e566df7df15a559b7df7c57931dcf6d952a8eafff001ecdf4abd54757ff008f66fa574d1fe2239ebff0a47223fad2d20feb4b5f447ca0b4514520168a28a6014b494b40052d252d001451450014b494b40052d252d0014b494b40051fc49fef0a28fe24ff00785311e8ba5ffc7943fee8ab82a9e97ff1e50ffba2ae0af94a9f1b3ec297c11f433afba8aa956efba8aa9551d8a654d47fe3dcfd2b961d5beb5d4ea3ff001ee7e95cb0eadf5af6b01fc36783997f110b81e946052d15de7961814a00a28a005a28a281852d252d0014b4945005bd3a0373790c4067730fe75ecd630f916b6f1631b500af39f07581b8bb5b8dbc467bd7a7d7879854e6a9caba1efe5b4f969b9bea14514579a7a814514500232865652320820d795f886c9ad6fa66230aec76d7aad72fe2cd3fed16c2755e6219635db82abeceaabecce1c751f6b49db7479cd2d27afd48a5afa43e6028a28a0028a28a0028a28a004203020f4359b736c6325d0715a748406041e41a4d5c6622ff00ac8bfde15e9da57fc78c5fee8af3a9ed8c72c6cbf74b0af45d2bfe3c62ff0074579198e9147b395fc4cb959b7df7c569566df7df15e44773db654aa3abff00c7b37d2af551d5ff00e3d5be95d347f888e7affc291c88feb4b483a7e34b5f447ca0b4514520168a28a6014b494b40052d252d001451450014b494b40052d252d0014b494b40051fc49fef0a28fe24ff00785311e8ba5ffc7943fee8ab82a9e97ff1e50e3fba2ae0af94a9f1b3ec297c11f433afba8aa956efba8aa9551d8a654d47fe3dcfd2b961d5beb5d4ea3ff1ee7e95cb0eadf5af6b01fc36783997f110ea28a2bbcf305a28a280168a28a002969296800a500b32a8eec07e7495ada0591bed4218c8f97209a99c9422e4fa150839c945753d0fc2ba7fd8ac55c8c19806ae86a386258628e25e88a147e15257cb4e4e727267d7538284545740a28a2a0b0a28a2800a8e785278a489c655c106a4a280dcf22d62d0d9dfcf185c20638acfaf42f15e962783ed1127ceb92e4579e74241ec715f4f85aded69a7d51f2b8ba3ec6ab5d18b45145751c8145145001451450014514500359430c1edd2b7749d5a3b68fc89b85f535894d655718358d6a31ad1e591bd0af2a12e689da7f6b697ff003d97f31542f352d3dd86d954fe22b89b8b792325959b6fd4d56cb7f78fe75e72cbe29ee7a3fda937f64ed7edf65d7cc1589ab6a6b71fba8bee8ea6b1be6f53f9d15b53c2429cb9b730ad8fa9563cb6b0a38a28a2bb0e0168a28a005a28a298052d252d0014b494b4005145140052d252d0014b494b40052d252d0014119c7b734514c0ea343d6e3853ecf39c0e809adefed3d3bfe7aafe75e72467ff00ad47cdfde6fccd79f53034ea4b9af63d1a59854a71e56ae771797f64e46d901fc6aa7db6d3af982b93f9bfbc7f3a39f53f9d4acbe0ba9a7f69cff94d6d4b505987951f41deb285253abba9d38d38f2c4f3aad5956973c828a28ad0cc5a28a280168a28a0029692968010f551ea715e9be0ed296ded7ed3227ef1b0549ae1f42d39b52be8a223e40c0935ec36f0a5bc3142a38450bf957959856b254d1ebe5b46edd57f225a28a2bc63dc0a28a2800a28a2800a28a280193449345244c32aea54d7966bda6bd85dc98522324907b57ab5636bda62ea16af851bd01238e4d76612bfb1a9aecce2c661fdb53d37479552d3e689e091e3704156239a657d2efb1f31b68c28a28a0414514500145145001451450021018153d0d675c5b3464b2fddad2a4203020f4349ab8cc5a2acdc5b98c9651f2d56aced618b45145002d1451400b45145300a5a4a5a002969296800a28a2800a5a4a5a002969296800a5a4a5a0028a28a00296929698052d252d0014b494b40051451400b45145002d1451400539559d951464b1c0a69e2ba9f0a68cd7b72b3cabfb952186471c56752a2a50736694a9bab35089d5f853475b2b559a45fdf3e0827ae2ba7a445545555180a0003e94b5f31526ea49c99f574e9aa71518f40a28a2a0d028a28a0028a28a0028a28a0028ebc1a28a00e1bc55a2e0b5e40bd7390a2b8ae4707a8eb5ed53451cf1bc720055811cfbd79978834792c2e1dd14989893902bdbc0627997b297c8f0b30c2f2bf6b0f998745252d7ac78e1451450014514500145145001451450021018107a1aceb8b73192cbd2b4a9080c0ab74349ab8cc6a2ac5c5b98c965fbb55ea3618b4514520168a28a6014b494b40052d252d001451450014b494b40052d252d0014b494b4005145140052d252d300a5a4a5a002969296800a28a280168a28a005a28a7c31493c8914609663818a00b5a6584da85d4712292370ddc76af60d32c21d3ed628630010a0b1f7ac9f0ce851e9f6e9348a3cf719391d335d257cfe3311ed65cb1d91f4782c37b18f34b76145145709e805145140051451400514514005145140051451400553d42c21bf81e2900c90769f7ab94534da77426935667916a9a64fa75c3a3a9da4fca71dab3abd7356d2a0d4a075651e60076b77fa5797dfd8cf633bc52a9001214e3a8afa2c2629565caf73e6b19847425cd1f84a945145771c014514500145145001451450014514500210186d3d0d675c5bb464b2fddad2a420302a7a526ae331852d4f716e632597eed4151b0c5a28a2800a5a4a5a002969296800a28a2800a5a4a5a002969296800a5a4a5a0028a28a00296929698052d252d0014b494b40051451400b45140049000c93d2810a033b04504b1380057a17853c3be505bcb94e4f2a08aa7e17f0d34acb777498518640475af444444554400281800578f8cc55ff770f99ede07076fded4f90a000001d0514515e49ec851451400514514005145140051451400514514005145140051451400564eb1a3dbea50b7ca04a01dad5ad455464e2f9a24ca2a6b965b1e3d7fa7dcd84ad1caa4007009ef54abd7754d2adb518995d47998f95abcd353d26eb4e99d594ec04e1bb57d0e17171acb965b9f378ac1ca8be68fc26751494b5dc70051451400514514005145140051451400840604374acfb880c64b2f4ad1a4203020f4a4d5c663d2d4f3c063248e9500a81852d252d0014b494b4005145140052d252d0014b494b40052d252d001451450014b494b4c02969296800a5a4a5a0028a29d1c724aea91a96627181400803310aa32c7800576de19f0c3ccc97576a420c10a7bd58f0df8571b2eaf17d08535de22246aa880055180057918bc67d8a7f79ece0f03ff002f2afdc11c69122a228555180053a8a2bc83da0a28a2800a28a2800a28a2800a28a2800a28a2800a28a2800a28a2800a28a2800a28a2800aa97d616d7d13473203c1c1c7356e8a69b4ee84d26accf32d67c3b7362ed244a5a224918ed5cf9c82411822bdaa48a395192450cac083915c7eb3e150fbe6b3183cb115ece1b1e9fbb57ef3c4c565ed7bf4bee385a2a49ede7b7764911860e3245455eba7757478ed34ecc5a28a2810514514005145140051451400842b020d67cf0346495e95a348406054f4a4d5c66452d4d3c0d19c8e9500a80169692968185145140052d252d0014b494b40052d252d001451450014b494b4c02969296800a28009380327d056f68fe1cbfd49d58a158b393b8638a89ce34d7349974e9caa3e582b9956965757b2ac70a31c9032071cd7a5681e1682c5526b950d3100807b56b695a258e991a88d14c981962075ad5af13138c954f763a23dec2e0634bde9eac000a0000003a014514579e7a414514500145145001451450014514500145145001451450014514500145145001451450014514500145145001451450065ea1a2d85fa9de815b07040ef5c26a9e1bbdb22ee8a4c409c6076af4fa6ba472295750ca7b1aeaa18aa9476d8e4af84a75b7dcf142aea4865208f5e292bd3353f0c595d8778c047e4802b8cbff0fea366c4f964c63a102bdba38ca757c99e156c155a5e68c7a29595d490ca463d4536bb0e2168a28a0028a28a0028a28a004203020d67cf0346491d2b469080c083de935719934b52cf018ce474a86a005a28a281852d252d0014b494b40052d252d001451450014b49f4e7e956adac2faed82c11b124fa1a1b495d824e4ec8ad572cb4cd43517096d1b67b9238aebf4af03091526bd62adc1db5dbd8e9b65a7c6a9046a08182d8e4d79d5b1f18690d59e9d0cbe73d6a688e5344f06a43b66be1fbc183b715da450c3028489154018e062a4a2bc8a956755de4cf6e95185256820a28a2b2350a28a2800a28a2800a28a2800a28a2800a28a2800a28a2800a28a2800a28a2800a28a2800a28a2800a28a2800a28a2800a28a2800a28a2800a6c91c528db22861e869d4500615ff86f4fbcc955119f615c9df7852f602c6052ea2bd268aeaa58bab4b667255c1d2abbad4f199aceeedc912c6c08f6355f9f435ec9369f613e7cc85093df158577e12b39cb18d8267a0af4a9e6517a4d1e654cb24b583b9e714b5d3ddf84aee127cacbfa62b226d1b54873ba06c7d0d7743114a7f0c8e09e1aac3e2899f4548f04f1fde423f03511e3a83f956eacf630775b8b452668a7615c0a86041acf9e168c923a5685042b020d4b57032a8a96684c6491d2a2cd458614b499146e1eff0095160b8b4b4aa923fdd527f0356a3d335298811c0c73ec693696eca516f6454a2ba0b5f0a6ad3e37c4ca0fb1ae8acbc06aa15e797df15cf3c5528753a69e0eb4f6479fa24921011589fa1ad7b2f0eead7646216d87be0d7a7d9f87349b551fb95661dc8ad68e28a25db1a051ec2b86a663d208f429e59d6a3388d37c0f0a0592e5fe6e0ed35d75ae99a7da2a88a140547dec735728af3aa569d47ef33d3a7429d256820a28a2b2360a28a2800a28a2800a28a2800a28a2800a28a2800a28a2800a28a2800a28a2800a28a2800a28a2800a28a2800a28a2800a28a2800a28a2800a28a2800a28a2800a28a2800a28a2800a28a2800a63c514830ea08f714fa28028be93a6499df029cd529bc35a54bcac616b6e8ab8d49c766672a7096e8e525f085b31f91c015564f04eefbb3015dad15b2c5555f68ca585a2fec9c2ff00c20f277b8147fc20efff003f02bbaa2b458eacba99fd4683e870ade05661833ad571f0f98367ed0b8af42a2a5e32b3ea0b0345743878fc0902e3748a6afc1e0dd2931e628623daba9a2b3788aafed1ac70d497d9464c5e1dd1220316ea48ee715762b1b283fd5c283f015668ac9c9cb766d18463b20c01d28a28a92828a28a0028a28a0028a28a0028a28a0028a28a0028a28a0028a28a0028a28a0028a28a0028a28a0028a28a00ffd9);

-- --------------------------------------------------------

--
-- Table structure for table `profile`
--

CREATE TABLE `profile` (
  `unique_id` varchar(200) NOT NULL,
  `picture` longblob NOT NULL,
  `phone_number` int(10) NOT NULL
) ENGINE=InnoDB DEFAULT CHARSET=utf8mb4;

-- --------------------------------------------------------

--
-- Table structure for table `users`
--

CREATE TABLE `users` (
  `id` int(11) NOT NULL,
  `unique_id` varchar(23) CHARACTER SET utf8 NOT NULL,
  `name` varchar(50) CHARACTER SET utf8 NOT NULL,
  `email` varchar(100) CHARACTER SET utf8 NOT NULL,
  `encrypted_password` varchar(250) CHARACTER SET utf8 NOT NULL,
  `otp` int(6) NOT NULL,
  `verified` int(1) NOT NULL DEFAULT 0,
  `created_at` datetime DEFAULT NULL,
  `user_type` int(1) NOT NULL
) ENGINE=InnoDB DEFAULT CHARSET=utf8mb4;

--
-- Dumping data for table `users`
--

INSERT INTO `users` (`id`, `unique_id`, `name`, `email`, `encrypted_password`, `otp`, `verified`, `created_at`, `user_type`) VALUES
(1, '5e5e5b950caf90.97835941', 'ianmuthuri', 'Surii@mail.com', '$2y$10$NsBvTKQZ3CDHzYFTW4TyPuHe9lCQNiuonupplxSD3ooCGkkTjE77O', 596344, 1, '2020-03-03 16:28:53', 0),
(2, '5e5e5beba1d4d9.63934136', 'SuriiIan', 'ianmuthuri254@mail.com', '$2y$10$nQJ7389lHwfVVAQtNSONBOd4ETcvvhy6i8Ux3ovJJPcpUgoJCo0wW', 821699, 1, '2020-03-03 16:30:19', 0),
(3, '5e5e5ed1b9ac45.72432039', 'Muthuri', 'ianmuthuri254@gmail.com', '$2y$10$F.CZoGeOTGZ4Cd36blymm.ueYhgvOcgPYBEd979TBZuPSj/hJbJzm', 233369, 1, '2020-03-03 16:42:41', 1),
(4, '5e5fad298579c2.65178343', 'Sonofman', 'sonofman@mail.com', '$2y$10$nTZumULiaGYL7RA7mQ7l3euiXldLUZGzRhhiBNGxoUC9KATTeQSbq', 110965, 0, '2020-03-04 16:29:13', 0);

-- --------------------------------------------------------

--
-- Table structure for table `Vehicles`
--

CREATE TABLE `Vehicles` (
  `Make` varchar(20) DEFAULT NULL,
  `Model` varchar(200) DEFAULT NULL,
  `Date` date DEFAULT NULL,
  `Plate` varchar(200) NOT NULL,
  `User` varchar(200) NOT NULL,
  `id` int(11) NOT NULL,
  `unique_id` varchar(200) NOT NULL,
  `image` varchar(200) NOT NULL
) ENGINE=InnoDB DEFAULT CHARSET=utf8mb4;

--
-- Dumping data for table `Vehicles`
--

INSERT INTO `Vehicles` (`Make`, `Model`, `Date`, `Plate`, `User`, `id`, `unique_id`, `image`) VALUES
('Surii', 'FJ', '2020-03-14', 'Ccccf', 'Ddfff', 12, '3\r\n', '1.png'),
('Toyota', 'FJ', '2020-03-07', 'q2wedf', 'qwsd', 1, '22', '2.jpeg');

--
-- Indexes for dumped tables
--

--
-- Indexes for table `bookings`
--
ALTER TABLE `bookings`
  ADD PRIMARY KEY (`booking_number`),
  ADD KEY `make` (`make`),
  ADD KEY `Garage` (`Garage`),
  ADD KEY `unique_id` (`unique_id`),
  ADD KEY `model` (`model`);

--
-- Indexes for table `cars`
--
ALTER TABLE `cars`
  ADD PRIMARY KEY (`model`);

--
-- Indexes for table `cart`
--
ALTER TABLE `cart`
  ADD PRIMARY KEY (`selection_id`),
  ADD KEY `unique_id` (`unique_id`);

--
-- Indexes for table `products`
--
ALTER TABLE `products`
  ADD PRIMARY KEY (`pro_id`);

--
-- Indexes for table `profile`
--
ALTER TABLE `profile`
  ADD UNIQUE KEY `unique_id_4` (`unique_id`),
  ADD KEY `unique_id` (`unique_id`),
  ADD KEY `unique_id_2` (`unique_id`),
  ADD KEY `unique_id_3` (`unique_id`),
  ADD KEY `unique_id_5` (`unique_id`);

--
-- Indexes for table `users`
--
ALTER TABLE `users`
  ADD PRIMARY KEY (`id`,`unique_id`,`email`),
  ADD UNIQUE KEY `email` (`email`),
  ADD KEY `unique_id` (`unique_id`);

--
-- Indexes for table `Vehicles`
--
ALTER TABLE `Vehicles`
  ADD PRIMARY KEY (`Plate`,`id`),
  ADD KEY `Make` (`Make`,`Model`),
  ADD KEY `Model` (`Model`),
  ADD KEY `unique_id` (`unique_id`);

--
-- AUTO_INCREMENT for dumped tables
--

--
-- AUTO_INCREMENT for table `bookings`
--
ALTER TABLE `bookings`
  MODIFY `booking_number` int(200) NOT NULL AUTO_INCREMENT, AUTO_INCREMENT=121327;

--
-- AUTO_INCREMENT for table `cart`
--
ALTER TABLE `cart`
  MODIFY `selection_id` int(200) NOT NULL AUTO_INCREMENT, AUTO_INCREMENT=12326;

--
-- AUTO_INCREMENT for table `users`
--
ALTER TABLE `users`
  MODIFY `id` int(11) NOT NULL AUTO_INCREMENT, AUTO_INCREMENT=5;

--
-- Constraints for dumped tables
--

--
-- Constraints for table `Vehicles`
--
ALTER TABLE `Vehicles`
  ADD CONSTRAINT `Vehicles_ibfk_1` FOREIGN KEY (`Model`) REFERENCES `cars` (`model`) ON DELETE NO ACTION ON UPDATE NO ACTION;
COMMIT;

/*!40101 SET CHARACTER_SET_CLIENT=@OLD_CHARACTER_SET_CLIENT */;
/*!40101 SET CHARACTER_SET_RESULTS=@OLD_CHARACTER_SET_RESULTS */;
/*!40101 SET COLLATION_CONNECTION=@OLD_COLLATION_CONNECTION */;
